<?xml version = '1.0' encoding = 'UTF-8'?>
<Table class="oracle.dbtools.crest.model.design.relational.Table" directorySegmentName="seg_0" id="2172606B-D7FB-A69F-12A1-C633FFE09CDE" name="Wishlist">
<createdBy>Fatima</createdBy>
<createdTime>2022-12-07 18:45:17 UTC</createdTime>
<generatorID>BC97955E-B64E-4D0B-AE97-4CA3A04A1346</generatorID>
<ownerDesignName>Logical</ownerDesignName>
<allowColumnReorder>false</allowColumnReorder>
<existDependencyGenerateInDDl>true</existDependencyGenerateInDDl>
<parsed>true</parsed>
<columns itemClass="oracle.dbtools.crest.model.design.relational.Column">
<Column name="wishlistID" id="7439E33D-3E3A-0A58-E3C4-D9F39C9C3620">
<createdBy>Fatima</createdBy>
<createdTime>2022-12-07 18:45:17 UTC</createdTime>
<generatorID>206A4B70-9394-8C7D-117A-D54B52110707</generatorID>
<ownerDesignName>Logical</ownerDesignName>
<useDomainConstraints>false</useDomainConstraints>
<use>1</use>
<logicalDatatype>LOGDT024</logicalDatatype>
<dataTypeSize>50</dataTypeSize>
<ownDataTypeParameters>50,,</ownDataTypeParameters>
<autoIncrementCycle>false</autoIncrementCycle>
</Column>
<Column name="productName" id="0E891E96-ACFC-7479-C54F-70821A825B09">
<createdBy>Fatima</createdBy>
<createdTime>2022-12-07 18:45:17 UTC</createdTime>
<generatorID>4BE48D7A-A1EF-6A24-994C-A9CBF0689B95</generatorID>
<ownerDesignName>Logical</ownerDesignName>
<nullsAllowed>true</nullsAllowed>
<useDomainConstraints>false</useDomainConstraints>
<use>1</use>
<logicalDatatype>LOGDT024</logicalDatatype>
<dataTypeSize>50</dataTypeSize>
<ownDataTypeParameters>50,,</ownDataTypeParameters>
<autoIncrementCycle>false</autoIncrementCycle>
</Column>
<Column name="username" id="14EBD710-3930-7A9F-4365-ECA6B6F6C787">
<createdBy>Fatima</createdBy>
<createdTime>2022-12-07 18:45:17 UTC</createdTime>
<generatorID>6C21EE36-05AE-D184-8BD3-1B91988C0016</generatorID>
<ownerDesignName>Logical</ownerDesignName>
<nullsAllowed>true</nullsAllowed>
<useDomainConstraints>false</useDomainConstraints>
<use>1</use>
<logicalDatatype>LOGDT024</logicalDatatype>
<dataTypeSize>50</dataTypeSize>
<ownDataTypeParameters>50,,</ownDataTypeParameters>
<autoIncrementCycle>false</autoIncrementCycle>
</Column>
</columns>
<indexes itemClass="oracle.dbtools.crest.model.design.relational.Index">
<ind_PK_UK id="337FC985-3ED2-45E1-BD25-80DDAEB0B1D2" name="Wishlist_PK">
<createdBy>Fatima</createdBy>
<createdTime>2022-12-07 18:45:17 UTC</createdTime>
<generatorID>7671F683-A5B5-D22E-800A-E7C686B15A8E</generatorID>
<ownerDesignName>Logical</ownerDesignName>
<pk>true</pk>
<indexState>Primary Constraint</indexState>
<isSurrogateKey>false</isSurrogateKey>
<indexColumnUsage>
<colUsage columnID="7439E33D-3E3A-0A58-E3C4-D9F39C9C3620"/>
</indexColumnUsage>
</ind_PK_UK>
</indexes>
</Table>