<?xml version = '1.0' encoding = 'UTF-8'?>
<Entity class="oracle.dbtools.crest.model.design.logical.Entity" directorySegmentName="seg_0" id="8EDA080C-1AA0-57AB-D057-6D417CD2C2BB" name="User">
<createdBy>Fatima</createdBy>
<createdTime>2022-12-07 17:34:57 UTC</createdTime>
<ownerDesignName>Logical</ownerDesignName>
<engineerTo>
<item key="1F5EAA29-399B-9720-0731-A9F5B4A5C3A4" value="true"/>
</engineerTo>
<adequatelyNormalized>NO</adequatelyNormalized>
<expectedVolumes>0</expectedVolumes>
<fwdEngineeringStrategyName>Single Table</fwdEngineeringStrategyName>
<growthPercent>0</growthPercent>
<growthType>Year</growthType>
<maxVolumes>9999999</maxVolumes>
<minVolumes>0</minVolumes>
<normalForm>Third</normalForm>
<attributes itemClass="oracle.dbtools.crest.model.design.logical.Attribute">
<Attribute name="userID" id="0B7303EA-AC4C-B0B3-BFF0-FE22CCBA3E9C">
<createdBy>Fatima</createdBy>
<createdTime>2022-12-07 17:35:07 UTC</createdTime>
<ownerDesignName>Logical</ownerDesignName>
<engineerTo>
<item key="1F5EAA29-399B-9720-0731-A9F5B4A5C3A4" value="true"/>
</engineerTo>
<useDomainConstraints>false</useDomainConstraints>
<use>1</use>
<logicalDatatype>LOGDT024</logicalDatatype>
<dataTypeSize>50</dataTypeSize>
<ownDataTypeParameters>50,,</ownDataTypeParameters>
</Attribute>
<Attribute name="username" id="2E835AA8-B1A1-3D89-77BC-6B7C999F3630">
<createdBy>Fatima</createdBy>
<createdTime>2022-12-07 17:40:54 UTC</createdTime>
<ownerDesignName>Logical</ownerDesignName>
<engineerTo>
<item key="1F5EAA29-399B-9720-0731-A9F5B4A5C3A4" value="true"/>
</engineerTo>
<nullsAllowed>true</nullsAllowed>
<useDomainConstraints>false</useDomainConstraints>
<use>1</use>
<logicalDatatype>LOGDT024</logicalDatatype>
<dataTypeSize>50</dataTypeSize>
<ownDataTypeParameters>50,,</ownDataTypeParameters>
</Attribute>
</attributes>
<identifiers itemClass="oracle.dbtools.crest.model.design.logical.CandidateKey">
<identifier id="B3F203F0-847B-BA8A-9233-9DB13248C6E8" name="User PK">
<createdBy>Fatima</createdBy>
<createdTime>2022-12-07 17:40:44 UTC</createdTime>
<ownerDesignName>Logical</ownerDesignName>
<engineerTo>
<item key="1F5EAA29-399B-9720-0731-A9F5B4A5C3A4" value="true"/>
</engineerTo>
<pk>true</pk>
<usedAttributes>
<attributeRef>0B7303EA-AC4C-B0B3-BFF0-FE22CCBA3E9C</attributeRef>
</usedAttributes>
</identifier>
</identifiers>
</Entity>