<?xml version = '1.0' encoding = 'UTF-8'?>
<Relation class="oracle.dbtools.crest.model.design.logical.Relation" name="Relation_5" directorySegmentName="seg_0" id="35A090DC-11E0-EF61-7D53-A490702D1E4B">
<createdBy>Fatima</createdBy>
<createdTime>2022-12-07 18:41:29 UTC</createdTime>
<ownerDesignName>Relational</ownerDesignName>
<engineerTo>
<item key="1F5EAA29-399B-9720-0731-A9F5B4A5C3A4" value="true"/>
</engineerTo>
<sourcePk>7B3F3352-43B4-39E0-D892-C2254E5737C9</sourcePk>
<identifying>false</identifying>
<optionalSource>true</optionalSource>
<optionalTarget>false</optionalTarget>
<sourceCardinality>1</sourceCardinality>
<sourceEntity>49AB3C38-9D06-1107-278B-A5B6FE35F7A5</sourceEntity>
<targetCardinalityString>*</targetCardinalityString>
<targetEntity>39614B60-100D-FF99-7777-F04273F81A40</targetEntity>
<transferable>true</transferable>
<deleteRule>NO ACTION</deleteRule>
</Relation>