<?xml version = '1.0' encoding = 'UTF-8'?>
<Relation class="oracle.dbtools.crest.model.design.logical.Relation" name="Relation_3" directorySegmentName="seg_0" id="4239F713-23D3-8A7C-1622-018768A52D1D">
<createdBy>Fatima</createdBy>
<createdTime>2022-12-07 18:39:51 UTC</createdTime>
<ownerDesignName>Relational</ownerDesignName>
<engineerTo>
<item key="1F5EAA29-399B-9720-0731-A9F5B4A5C3A4" value="true"/>
</engineerTo>
<sourcePk>B3F203F0-847B-BA8A-9233-9DB13248C6E8</sourcePk>
<identifying>false</identifying>
<optionalSource>true</optionalSource>
<optionalTarget>false</optionalTarget>
<sourceCardinality>1</sourceCardinality>
<sourceEntity>8EDA080C-1AA0-57AB-D057-6D417CD2C2BB</sourceEntity>
<targetCardinalityString>*</targetCardinalityString>
<targetEntity>0779309B-6580-30AB-6EC4-FEC7F7E4ABEA</targetEntity>
<transferable>true</transferable>
<deleteRule>NO ACTION</deleteRule>
</Relation>