<?xml version = '1.0' encoding = 'UTF-8'?>
<Relation class="oracle.dbtools.crest.model.design.logical.Relation" name="Relation_7" directorySegmentName="seg_0" id="F466E127-FBE4-B86D-B749-44054E0132B1">
<createdBy>Fatima</createdBy>
<createdTime>2022-12-07 18:44:02 UTC</createdTime>
<ownerDesignName>Relational</ownerDesignName>
<engineerTo>
<item key="1F5EAA29-399B-9720-0731-A9F5B4A5C3A4" value="true"/>
</engineerTo>
<sourcePk>2D5DD644-3A42-EC4F-3BCE-2D6DFED79AA5</sourcePk>
<identifying>false</identifying>
<optionalSource>true</optionalSource>
<optionalTarget>false</optionalTarget>
<sourceCardinality>1</sourceCardinality>
<sourceEntity>C8D97501-7EA9-1D92-A1BF-510A830516F1</sourceEntity>
<targetCardinalityString>1</targetCardinalityString>
<targetEntity>D4EEDBE6-8C76-649D-915A-A38C753C639F</targetEntity>
<transferable>true</transferable>
<deleteRule>NO ACTION</deleteRule>
</Relation>