<?xml version = '1.0' encoding = 'UTF-8'?>
<Diagram class="oracle.dbtools.crest.swingui.logical.DPVLogical" name="Logical" id="80C45771-980A-070D-323B-BCFD06ED1810">
<createdBy>Fatima</createdBy>
<modifiedBy>Fatima</modifiedBy>
<createdTime>2022-12-07 17:34:44 UTC</createdTime>
<autoRoute>false</autoRoute>
<boxInbox>true</boxInbox>
<showLegend>false</showLegend>
<showLabels>false</showLabels>
<showRelAttributes>false</showRelAttributes>
<gridEnabled>false</gridEnabled>
<showGrid>false</showGrid>
<diagramColor>-1</diagramColor>
<display>false</display>
<notation>1</notation>
<objectViews>
<OView class="oracle.dbtools.crest.swingui.logical.TVEntity" oid="0779309B-6580-30AB-6EC4-FEC7F7E4ABEA" otype="Entity" vid="81BDB6EC-ABD5-1076-50EF-BB4C08863EE1">
<hideElementsInCurrentOnly>false</hideElementsInCurrentOnly>
<bounds x="549" y="8" width="170" height="122"/>
</OView>
<OView class="oracle.dbtools.crest.swingui.logical.TVEntity" oid="39614B60-100D-FF99-7777-F04273F81A40" otype="Entity" vid="CA8ACCE5-5CA0-ACE3-6462-2B9C1C21F0CA">
<hideElementsInCurrentOnly>false</hideElementsInCurrentOnly>
<bounds x="45" y="405" width="155" height="93"/>
</OView>
<OView class="oracle.dbtools.crest.swingui.logical.TVEntity" oid="49AB3C38-9D06-1107-278B-A5B6FE35F7A5" otype="Entity" vid="6EAE6606-55A0-F7FC-D2DD-064FE14B1C24">
<hideElementsInCurrentOnly>false</hideElementsInCurrentOnly>
<bounds x="282" y="365" width="164" height="131"/>
</OView>
<OView class="oracle.dbtools.crest.swingui.logical.TVEntity" oid="8EDA080C-1AA0-57AB-D057-6D417CD2C2BB" otype="Entity" vid="E2EA8527-08C4-4733-E186-74689F35E6B6">
<hideElementsInCurrentOnly>false</hideElementsInCurrentOnly>
<bounds x="30" y="98" width="163" height="98"/>
</OView>
<OView class="oracle.dbtools.crest.swingui.logical.TVEntity" oid="9A58CD3F-647D-1FC3-4295-CEFB6F13F36E" otype="Entity" vid="132FA86C-98B7-FB26-25A6-A11A24ACE6A2">
<hideElementsInCurrentOnly>false</hideElementsInCurrentOnly>
<bounds x="335" y="144" width="155" height="153"/>
</OView>
<OView class="oracle.dbtools.crest.swingui.logical.TVEntity" oid="BC97955E-B64E-4D0B-AE97-4CA3A04A1346" otype="Entity" vid="51798FF8-A8FB-8604-DFDE-0E9379DF003C">
<hideElementsInCurrentOnly>false</hideElementsInCurrentOnly>
<bounds x="549" y="178" width="146" height="85"/>
</OView>
<OView class="oracle.dbtools.crest.swingui.logical.TVEntity" oid="C8D97501-7EA9-1D92-A1BF-510A830516F1" otype="Entity" vid="4C0FED1B-DF41-F7D6-4F78-C32E45E1A6ED">
<hideElementsInCurrentOnly>false</hideElementsInCurrentOnly>
<bounds x="740" y="175" width="157" height="110"/>
</OView>
<OView class="oracle.dbtools.crest.swingui.logical.TVEntity" oid="D4EEDBE6-8C76-649D-915A-A38C753C639F" otype="Entity" vid="69234875-158D-86A4-1F3E-DAB53BEBBA68">
<hideElementsInCurrentOnly>false</hideElementsInCurrentOnly>
<bounds x="709" y="394" width="160" height="98"/>
</OView>
</objectViews>
<connectors>
<Connector class="oracle.dbtools.crest.swingui.logical.TVRelation" oid="35A090DC-11E0-EF61-7D53-A490702D1E4B" otype="Relation" vid_source="6EAE6606-55A0-F7FC-D2DD-064FE14B1C24" vid_target="CA8ACCE5-5CA0-ACE3-6462-2B9C1C21F0CA">
<hideElementsInCurrentOnly>false</hideElementsInCurrentOnly>
<lineWidth>1</lineWidth>
<points>
<point x="282" y="450"/>
<point x="200" y="450"/>
</points>
</Connector>
<Connector class="oracle.dbtools.crest.swingui.logical.TVRelation" oid="4239F713-23D3-8A7C-1622-018768A52D1D" otype="Relation" vid_source="E2EA8527-08C4-4733-E186-74689F35E6B6" vid_target="81BDB6EC-ABD5-1076-50EF-BB4C08863EE1">
<hideElementsInCurrentOnly>false</hideElementsInCurrentOnly>
<lineWidth>1</lineWidth>
<points>
<point x="193" y="114"/>
<point x="549" y="114"/>
</points>
</Connector>
<Connector class="oracle.dbtools.crest.swingui.logical.TVRelation" oid="4E07D3D6-DC8F-D2C1-9535-A0792E581688" otype="Relation" vid_source="E2EA8527-08C4-4733-E186-74689F35E6B6" vid_target="132FA86C-98B7-FB26-25A6-A11A24ACE6A2">
<hideElementsInCurrentOnly>false</hideElementsInCurrentOnly>
<lineWidth>1</lineWidth>
<points>
<point x="193" y="170"/>
<point x="335" y="170"/>
</points>
</Connector>
<Connector class="oracle.dbtools.crest.swingui.logical.TVRelation" oid="7E09AFD8-2056-DD41-8C5E-938D1BFB6A95" otype="Relation" vid_source="69234875-158D-86A4-1F3E-DAB53BEBBA68" vid_target="6EAE6606-55A0-F7FC-D2DD-064FE14B1C24">
<hideElementsInCurrentOnly>false</hideElementsInCurrentOnly>
<lineWidth>1</lineWidth>
<points>
<point x="709" y="443"/>
<point x="446" y="443"/>
</points>
</Connector>
<Connector class="oracle.dbtools.crest.swingui.logical.TVRelation" oid="DD77CCBC-4FAF-ED0C-6BD1-5B47A892A4C2" otype="Relation" vid_source="51798FF8-A8FB-8604-DFDE-0E9379DF003C" vid_target="6EAE6606-55A0-F7FC-D2DD-064FE14B1C24">
<hideElementsInCurrentOnly>false</hideElementsInCurrentOnly>
<lineWidth>1</lineWidth>
<points>
<point x="622" y="263"/>
<point x="446" y="391"/>
</points>
</Connector>
<Connector class="oracle.dbtools.crest.swingui.logical.TVRelation" oid="F466E127-FBE4-B86D-B749-44054E0132B1" otype="Relation" vid_source="4C0FED1B-DF41-F7D6-4F78-C32E45E1A6ED" vid_target="69234875-158D-86A4-1F3E-DAB53BEBBA68">
<hideElementsInCurrentOnly>false</hideElementsInCurrentOnly>
<lineWidth>1</lineWidth>
<points>
<point x="804" y="285"/>
<point x="804" y="394"/>
</points>
</Connector>
<Connector class="oracle.dbtools.crest.swingui.logical.TVRelation" oid="F4AE63CA-6E1D-FD14-0C6C-076B77AFFA51" otype="Relation" vid_source="E2EA8527-08C4-4733-E186-74689F35E6B6" vid_target="6EAE6606-55A0-F7FC-D2DD-064FE14B1C24">
<hideElementsInCurrentOnly>false</hideElementsInCurrentOnly>
<lineWidth>1</lineWidth>
<points>
<point x="111" y="196"/>
<point x="309" y="365"/>
</points>
</Connector>
</connectors>
</Diagram>