<?xml version = '1.0' encoding = 'UTF-8'?>
<Entity class="oracle.dbtools.crest.model.design.logical.Entity" directorySegmentName="seg_0" id="0779309B-6580-30AB-6EC4-FEC7F7E4ABEA" name="Review">
<createdBy>Fatima</createdBy>
<createdTime>2022-12-07 18:12:26 UTC</createdTime>
<ownerDesignName>Relational</ownerDesignName>
<engineerTo>
<item key="1F5EAA29-399B-9720-0731-A9F5B4A5C3A4" value="true"/>
</engineerTo>
<adequatelyNormalized>NO</adequatelyNormalized>
<expectedVolumes>0</expectedVolumes>
<fwdEngineeringStrategyName>Single Table</fwdEngineeringStrategyName>
<growthPercent>0</growthPercent>
<growthType>Year</growthType>
<maxVolumes>9999999</maxVolumes>
<minVolumes>0</minVolumes>
<normalForm>Third</normalForm>
<attributes itemClass="oracle.dbtools.crest.model.design.logical.Attribute">
<Attribute name="reviewID" id="4F97CA7C-09F4-DD57-32D4-7F6AEF516146">
<createdBy>Fatima</createdBy>
<createdTime>2022-12-07 18:13:01 UTC</createdTime>
<ownerDesignName>Relational</ownerDesignName>
<engineerTo>
<item key="1F5EAA29-399B-9720-0731-A9F5B4A5C3A4" value="true"/>
</engineerTo>
<useDomainConstraints>false</useDomainConstraints>
<use>1</use>
<logicalDatatype>LOGDT024</logicalDatatype>
<dataTypeSize>50</dataTypeSize>
<ownDataTypeParameters>50,,</ownDataTypeParameters>
</Attribute>
<Attribute name="comment" id="95EAA40A-DF37-BEC6-71A8-074DF7BBA803">
<createdBy>Fatima</createdBy>
<createdTime>2022-12-07 18:13:17 UTC</createdTime>
<ownerDesignName>Relational</ownerDesignName>
<engineerTo>
<item key="1F5EAA29-399B-9720-0731-A9F5B4A5C3A4" value="true"/>
</engineerTo>
<nullsAllowed>true</nullsAllowed>
<useDomainConstraints>false</useDomainConstraints>
<use>1</use>
<logicalDatatype>LOGDT024</logicalDatatype>
<dataTypeSize>225</dataTypeSize>
<ownDataTypeParameters>225,,</ownDataTypeParameters>
</Attribute>
<Attribute name="rating" id="2881D082-4424-EB0B-3656-79D97EE01DF6">
<createdBy>Fatima</createdBy>
<createdTime>2022-12-07 18:13:28 UTC</createdTime>
<ownerDesignName>Relational</ownerDesignName>
<engineerTo>
<item key="1F5EAA29-399B-9720-0731-A9F5B4A5C3A4" value="true"/>
</engineerTo>
<nullsAllowed>true</nullsAllowed>
<useDomainConstraints>false</useDomainConstraints>
<use>1</use>
<logicalDatatype>LOGDT011</logicalDatatype>
<ownDataTypeParameters>,,</ownDataTypeParameters>
</Attribute>
<Attribute name="username" id="AF8E0B18-3A55-35E7-15C0-14CD07C61840">
<createdBy>Fatima</createdBy>
<createdTime>2022-12-07 18:13:43 UTC</createdTime>
<ownerDesignName>Relational</ownerDesignName>
<engineerTo>
<item key="1F5EAA29-399B-9720-0731-A9F5B4A5C3A4" value="true"/>
</engineerTo>
<nullsAllowed>true</nullsAllowed>
<useDomainConstraints>false</useDomainConstraints>
<use>1</use>
<logicalDatatype>LOGDT024</logicalDatatype>
<dataTypeSize>50</dataTypeSize>
<ownDataTypeParameters>50,,</ownDataTypeParameters>
</Attribute>
<Attribute name="userID" id="1C583235-56C9-2F2B-FFCF-6098478A8E8E">
<createdBy>Fatima</createdBy>
<createdTime>2022-12-07 18:39:51 UTC</createdTime>
<generatorID>4239F713-23D3-8A7C-1622-018768A52D1D</generatorID>
<ownerDesignName>Relational</ownerDesignName>
<engineerTo>
<item key="1F5EAA29-399B-9720-0731-A9F5B4A5C3A4" value="true"/>
</engineerTo>
<referedAttribute>0B7303EA-AC4C-B0B3-BFF0-FE22CCBA3E9C</referedAttribute>
<useDomainConstraints>false</useDomainConstraints>
<use>1</use>
<logicalDatatype>LOGDT024</logicalDatatype>
<dataTypeSize>50</dataTypeSize>
<ownDataTypeParameters>50,,</ownDataTypeParameters>
</Attribute>
</attributes>
<identifiers itemClass="oracle.dbtools.crest.model.design.logical.CandidateKey">
<identifier id="FB105035-2E3E-E6C1-44E0-F47BE22229F3" name="Review PK">
<createdBy>Fatima</createdBy>
<createdTime>2022-12-07 18:13:14 UTC</createdTime>
<ownerDesignName>Relational</ownerDesignName>
<engineerTo>
<item key="1F5EAA29-399B-9720-0731-A9F5B4A5C3A4" value="true"/>
</engineerTo>
<pk>true</pk>
<usedAttributes>
<attributeRef>4F97CA7C-09F4-DD57-32D4-7F6AEF516146</attributeRef>
</usedAttributes>
</identifier>
</identifiers>
</Entity>