<?xml version = '1.0' encoding = 'UTF-8'?>
<Entity class="oracle.dbtools.crest.model.design.logical.Entity" directorySegmentName="seg_0" id="49AB3C38-9D06-1107-278B-A5B6FE35F7A5" name="Product">
<createdBy>Fatima</createdBy>
<createdTime>2022-12-07 18:14:06 UTC</createdTime>
<ownerDesignName>Relational</ownerDesignName>
<engineerTo>
<item key="1F5EAA29-399B-9720-0731-A9F5B4A5C3A4" value="true"/>
</engineerTo>
<adequatelyNormalized>NO</adequatelyNormalized>
<expectedVolumes>0</expectedVolumes>
<fwdEngineeringStrategyName>Single Table</fwdEngineeringStrategyName>
<growthPercent>0</growthPercent>
<growthType>Year</growthType>
<maxVolumes>9999999</maxVolumes>
<minVolumes>0</minVolumes>
<normalForm>Third</normalForm>
<attributes itemClass="oracle.dbtools.crest.model.design.logical.Attribute">
<Attribute name="productName" id="2DA620F8-42BE-31A7-05AA-AE9D8BD1A9A0">
<createdBy>Fatima</createdBy>
<createdTime>2022-12-07 18:14:14 UTC</createdTime>
<ownerDesignName>Relational</ownerDesignName>
<engineerTo>
<item key="1F5EAA29-399B-9720-0731-A9F5B4A5C3A4" value="true"/>
</engineerTo>
<useDomainConstraints>false</useDomainConstraints>
<use>1</use>
<logicalDatatype>LOGDT024</logicalDatatype>
<dataTypeSize>50</dataTypeSize>
<ownDataTypeParameters>50,,</ownDataTypeParameters>
</Attribute>
<Attribute name="price" id="924E43D7-933B-4630-0106-CC05A3CA0CCA">
<createdBy>Fatima</createdBy>
<createdTime>2022-12-07 18:14:30 UTC</createdTime>
<ownerDesignName>Relational</ownerDesignName>
<engineerTo>
<item key="1F5EAA29-399B-9720-0731-A9F5B4A5C3A4" value="true"/>
</engineerTo>
<nullsAllowed>true</nullsAllowed>
<useDomainConstraints>false</useDomainConstraints>
<use>1</use>
<logicalDatatype>LOGDT011</logicalDatatype>
<ownDataTypeParameters>,,</ownDataTypeParameters>
</Attribute>
<Attribute name="image" id="08069C7F-2068-E2F6-5150-F6C9687EA5A2">
<createdBy>Fatima</createdBy>
<createdTime>2022-12-07 18:14:43 UTC</createdTime>
<ownerDesignName>Relational</ownerDesignName>
<engineerTo>
<item key="1F5EAA29-399B-9720-0731-A9F5B4A5C3A4" value="true"/>
</engineerTo>
<nullsAllowed>true</nullsAllowed>
<useDomainConstraints>false</useDomainConstraints>
<use>1</use>
<logicalDatatype>LOGDT024</logicalDatatype>
<dataTypeSize>225</dataTypeSize>
<ownDataTypeParameters>225,,</ownDataTypeParameters>
</Attribute>
<Attribute name="cartID" id="FD1B2C92-E29E-46FF-726C-ECDDB12926CA">
<createdBy>Fatima</createdBy>
<createdTime>2022-12-07 18:40:31 UTC</createdTime>
<generatorID>7E09AFD8-2056-DD41-8C5E-938D1BFB6A95</generatorID>
<ownerDesignName>Relational</ownerDesignName>
<engineerTo>
<item key="1F5EAA29-399B-9720-0731-A9F5B4A5C3A4" value="true"/>
</engineerTo>
<referedAttribute>83B97C3A-0FE2-B345-C03C-8EE9D9E147C2</referedAttribute>
<useDomainConstraints>false</useDomainConstraints>
<use>1</use>
<logicalDatatype>LOGDT024</logicalDatatype>
<dataTypeSize>50</dataTypeSize>
<ownDataTypeParameters>50,,</ownDataTypeParameters>
</Attribute>
<Attribute name="wishlistID" id="55AAE41B-7F7A-3FED-A3EB-59C6C7BC9AA5">
<createdBy>Fatima</createdBy>
<createdTime>2022-12-07 18:42:23 UTC</createdTime>
<generatorID>DD77CCBC-4FAF-ED0C-6BD1-5B47A892A4C2</generatorID>
<ownerDesignName>Relational</ownerDesignName>
<engineerTo>
<item key="1F5EAA29-399B-9720-0731-A9F5B4A5C3A4" value="true"/>
</engineerTo>
<referedAttribute>206A4B70-9394-8C7D-117A-D54B52110707</referedAttribute>
<useDomainConstraints>false</useDomainConstraints>
<use>1</use>
<logicalDatatype>LOGDT024</logicalDatatype>
<dataTypeSize>50</dataTypeSize>
<ownDataTypeParameters>50,,</ownDataTypeParameters>
</Attribute>
</attributes>
<identifiers itemClass="oracle.dbtools.crest.model.design.logical.CandidateKey">
<identifier id="7B3F3352-43B4-39E0-D892-C2254E5737C9" name="Product PK">
<createdBy>Fatima</createdBy>
<createdTime>2022-12-07 18:14:27 UTC</createdTime>
<ownerDesignName>Relational</ownerDesignName>
<engineerTo>
<item key="1F5EAA29-399B-9720-0731-A9F5B4A5C3A4" value="true"/>
</engineerTo>
<pk>true</pk>
<usedAttributes>
<attributeRef>2DA620F8-42BE-31A7-05AA-AE9D8BD1A9A0</attributeRef>
</usedAttributes>
</identifier>
</identifiers>
</Entity>