<?xml version = '1.0' encoding = 'UTF-8'?>
<FKIndexAssociation class="oracle.dbtools.crest.model.design.relational.FKIndexAssociation" directorySegmentName="seg_0" id="0FE7BCF9-5178-3F6A-895F-BB600E5C3659" containerWithKeyObject="6E289003-4BF2-0669-6EC3-DF35B6E61C1A" localFKIndex="AE9CD3D9-8D8F-BA7F-F86A-D859696B84DC" name="ProductDetail_Product_FK">
<createdBy>Fatima</createdBy>
<createdTime>2022-12-07 18:45:18 UTC</createdTime>
<generatorID>35A090DC-11E0-EF61-7D53-A490702D1E4B</generatorID>
<ownerDesignName>Relational</ownerDesignName>
<deleteRule>NO ACTION</deleteRule>
<referredTableID>DC50A811-AB8F-DC77-2B3C-3CC6F62D5CEE</referredTableID>
<keyObject>4C910ABB-97B5-5E75-3EFF-0B6324E214B1</keyObject>
<referredKeyID>4C910ABB-97B5-5E75-3EFF-0B6324E214B1</referredKeyID>
<mandatory>true</mandatory>
<transferable>true</transferable>
<rely>false</rely>
<columnDependencyConstraintGenerateInDDL>true</columnDependencyConstraintGenerateInDDL>
</FKIndexAssociation>