<?xml version = '1.0' encoding = 'UTF-8'?>
<FKIndexAssociation class="oracle.dbtools.crest.model.design.relational.FKIndexAssociation" directorySegmentName="seg_0" id="76E5391B-D3B7-0FC9-7220-26FE74641A50" containerWithKeyObject="DC50A811-AB8F-DC77-2B3C-3CC6F62D5CEE" localFKIndex="6DD60DD1-ABD2-42B3-D57E-84F7693773F8" name="Product_Cart_FK">
<createdBy>Fatima</createdBy>
<createdTime>2022-12-07 18:45:18 UTC</createdTime>
<generatorID>7E09AFD8-2056-DD41-8C5E-938D1BFB6A95</generatorID>
<ownerDesignName>Relational</ownerDesignName>
<deleteRule>NO ACTION</deleteRule>
<referredTableID>3613BF5E-2577-97D6-99F2-6A22451A5D09</referredTableID>
<keyObject>B438868D-78C8-D022-7176-40165E079129</keyObject>
<referredKeyID>B438868D-78C8-D022-7176-40165E079129</referredKeyID>
<mandatory>true</mandatory>
<transferable>true</transferable>
<rely>false</rely>
<columnDependencyConstraintGenerateInDDL>true</columnDependencyConstraintGenerateInDDL>
</FKIndexAssociation>