<?xml version = '1.0' encoding = 'UTF-8'?>
<Table class="oracle.dbtools.crest.model.design.relational.Table" directorySegmentName="seg_0" id="6E289003-4BF2-0669-6EC3-DF35B6E61C1A" name="ProductDetail">
<createdBy>Fatima</createdBy>
<createdTime>2022-12-07 18:45:17 UTC</createdTime>
<generatorID>39614B60-100D-FF99-7777-F04273F81A40</generatorID>
<ownerDesignName>Relational</ownerDesignName>
<allowColumnReorder>false</allowColumnReorder>
<existDependencyGenerateInDDl>true</existDependencyGenerateInDDl>
<parsed>true</parsed>
<columns itemClass="oracle.dbtools.crest.model.design.relational.Column">
<Column name="productID" id="59697910-1278-F8C9-1C2C-EFC3804675C6">
<createdBy>Fatima</createdBy>
<createdTime>2022-12-07 18:45:17 UTC</createdTime>
<generatorID>BAE17882-EE2A-62C0-317D-7AD47B333DDE</generatorID>
<ownerDesignName>Relational</ownerDesignName>
<useDomainConstraints>false</useDomainConstraints>
<use>1</use>
<logicalDatatype>LOGDT024</logicalDatatype>
<dataTypeSize>50</dataTypeSize>
<ownDataTypeParameters>50,,</ownDataTypeParameters>
<autoIncrementCycle>false</autoIncrementCycle>
</Column>
<Column name="quantity" id="7E68CE05-1110-0783-E8CD-9EA0C24CBAFD">
<createdBy>Fatima</createdBy>
<createdTime>2022-12-07 18:45:17 UTC</createdTime>
<generatorID>F75ADAA7-EC6C-8E28-870A-74EF0D939117</generatorID>
<ownerDesignName>Relational</ownerDesignName>
<nullsAllowed>true</nullsAllowed>
<useDomainConstraints>false</useDomainConstraints>
<use>1</use>
<logicalDatatype>LOGDT011</logicalDatatype>
<ownDataTypeParameters>,,</ownDataTypeParameters>
<autoIncrementCycle>false</autoIncrementCycle>
</Column>
<Column name="size" id="8DCDF0D8-55B7-3557-E648-4A0213595ABA">
<createdBy>Fatima</createdBy>
<createdTime>2022-12-07 18:45:17 UTC</createdTime>
<generatorID>AEB706A1-E3BA-B178-108F-5DE3C1CA123C</generatorID>
<ownerDesignName>Relational</ownerDesignName>
<nullsAllowed>true</nullsAllowed>
<useDomainConstraints>false</useDomainConstraints>
<use>1</use>
<logicalDatatype>LOGDT024</logicalDatatype>
<dataTypeSize>50</dataTypeSize>
<ownDataTypeParameters>50,,</ownDataTypeParameters>
<autoIncrementCycle>false</autoIncrementCycle>
</Column>
<Column name="productName" id="AA6FD59C-10CC-764F-4D4C-2E5C86C4BBF6">
<createdBy>Fatima</createdBy>
<createdTime>2022-12-07 18:45:17 UTC</createdTime>
<generatorID>B6DCC376-BED7-7072-FA3F-4F68F61E9655</generatorID>
<ownerDesignName>Relational</ownerDesignName>
<nullsAllowed>true</nullsAllowed>
<useDomainConstraints>false</useDomainConstraints>
<use>1</use>
<logicalDatatype>LOGDT024</logicalDatatype>
<dataTypeSize>50</dataTypeSize>
<ownDataTypeParameters>50,,</ownDataTypeParameters>
<autoIncrementCycle>false</autoIncrementCycle>
</Column>
<Column name="Product_productName" id="A93DC43E-0F63-0E0B-4EC5-804F5D59C725">
<createdBy>Fatima</createdBy>
<createdTime>2022-12-07 18:45:17 UTC</createdTime>
<generatorID>6686AB42-90B9-4A90-B6E6-B787F2845FD2</generatorID>
<ownerDesignName>Relational</ownerDesignName>
<useDomainConstraints>false</useDomainConstraints>
<use>1</use>
<logicalDatatype>LOGDT024</logicalDatatype>
<dataTypeSize>50</dataTypeSize>
<ownDataTypeParameters>50,,</ownDataTypeParameters>
<previousColumn>false</previousColumn>
<autoIncrementCycle>false</autoIncrementCycle>
<associations>
<colAssociation fkAssociation="0FE7BCF9-5178-3F6A-895F-BB600E5C3659" referredColumn="A1758644-73C6-386D-726C-883D92748D9D"/>
</associations>
</Column>
</columns>
<indexes itemClass="oracle.dbtools.crest.model.design.relational.Index">
<ind_PK_UK id="BF0E26C2-E58C-6B4A-7585-FBCC439D60EA" name="ProductDetail_PK">
<createdBy>Fatima</createdBy>
<createdTime>2022-12-07 18:45:17 UTC</createdTime>
<generatorID>B87DE791-C4B8-748B-E6D8-74F9DB96D5BF</generatorID>
<ownerDesignName>Relational</ownerDesignName>
<pk>true</pk>
<indexState>Primary Constraint</indexState>
<isSurrogateKey>false</isSurrogateKey>
<indexColumnUsage>
<colUsage columnID="59697910-1278-F8C9-1C2C-EFC3804675C6"/>
</indexColumnUsage>
</ind_PK_UK>
<ind_PK_UK id="AE9CD3D9-8D8F-BA7F-F86A-D859696B84DC" name="ProductDetail_Product_FK">
<createdBy>Fatima</createdBy>
<createdTime>2022-12-07 18:45:18 UTC</createdTime>
<generatorID>35A090DC-11E0-EF61-7D53-A490702D1E4B</generatorID>
<ownerDesignName>Relational</ownerDesignName>
<indexState>Foreign Key</indexState>
<isSurrogateKey>false</isSurrogateKey>
<indexColumnUsage>
<colUsage columnID="A93DC43E-0F63-0E0B-4EC5-804F5D59C725"/>
</indexColumnUsage>
</ind_PK_UK>
</indexes>
</Table>